{
    "quantum": {
        "effective_dimension": 1.9638294025611107,
        "generalization_bound": 0.35053838573747337,
        "spectral_entropy": 0.03658402837267104,
        "spectral_entropy_normalized": 0.008422114901513959
    },
    "classical": {
        "effective_dimension": 1.984526540587709,
        "generalization_bound": 0.3516913940893343,
        "spectral_entropy": 0.06379758539056457,
        "spectral_entropy_normalized": 0.014558922322778741
    }
}